{
  "Funktioniert1": {
    "best_lap": 12230.377197265625,
    "best_total": 44843.57833862305
  },
  "Event Horizon I": {
    "best_lap": 12912.837266921997,
    "best_total": 48608.69097709656
  }
}