{
  "Funktioniert1": {
    "best_lap": 12230.377197265625,
    "best_total": 44843.57833862305
  }
}