{
  "Funktioniert1": {
    "best_lap": 14480.017900466919,
    "best_total": 49062.071084976196
  },
  "Event Horizon I": {
    "best_lap": 12912.837266921997,
    "best_total": 46536.69834136963
  },
  "Space 3": {
    "best_lap": 24916.05854034424,
    "best_total": 83533.39290618896
  }
}